id,status,type,title,flag_score,flags,expiration_epoch,proposed_epoch,deposit_lovelace,anchor_url,anchor_kind,anchor_hash,metadata_hash_valid,metadata_resolved,tx_hash,cert_index,govtool_url,cgov_url,first_seen,last_updated
gov_action1vrkk4dpuss8l3z9g4uc2rmf8ks0f7j534zvz9v4k85dlc54wa3zsqq68rx0,ratified,TreasuryWithdrawals,Amaru Treasury Withdrawal 2025,3,ðŸŸ¡ NO_DISCUSSION,573,566,100000000000,ipfs://bafkreifw3qs7brjn4tdvyprnh2r343oerbdghasp5ws6ro55frbpll3dta,ipfs,d2f633b044f33117ace7cde8c045fcc930060a6dbdd083f7491148a86a3c5ebd,1,1,60ed6ab43c840ff888a8af30a1ed27b41e9f4a91a89822b2b63d1bfc52aeec45,0,https://gov.tools/governance_actions/60ed6ab43c840ff888a8af30a1ed27b41e9f4a91a89822b2b63d1bfc52aeec45#0,https://app.cgov.io/governance_actions/60ed6ab43c840ff888a8af30a1ed27b41e9f4a91a89822b2b63d1bfc52aeec45#0,2026-02-09T18:50:25.950966+00:00,2026-02-09T18:50:25.950966+00:00
gov_action1fl6r784t2ffw7q96du2znhprw90r3xvrfugvqelgqewgxex42kdqq9tgrd5,expired,TreasuryWithdrawals,Cardano Global Listing Expansion - Powered by Snek,3,ðŸŸ¡ NO_DISCUSSION,580,573,100000000000,https://raw.githubusercontent.com/snekadmin/Public/refs/heads/main/data.jsonld,http,73de17cb7080e0b353c4adf33fa7d0f6b75c12ef1c0bd04f87cc8aa5464b3ef4,1,1,4ff43f1eab5252ef00ba6f1429dc23715e3899834f10c067e8065c8364d5559a,0,https://gov.tools/governance_actions/4ff43f1eab5252ef00ba6f1429dc23715e3899834f10c067e8065c8364d5559a#0,https://app.cgov.io/governance_actions/4ff43f1eab5252ef00ba6f1429dc23715e3899834f10c067e8065c8364d5559a#0,2026-02-09T18:50:25.950966+00:00,2026-02-09T18:50:25.950966+00:00
gov_action1r44w54hx553mz0sr4cc07f8tlxzj2sa57l2pt3l9pa2ldw42fc7sq5q3rtn,expired,TreasuryWithdrawals,Withdraw â‚³5M for Cardano's Global Listing Expansion - Powered by Snek,3,ðŸŸ¡ NO_DISCUSSION,580,573,100000000000,https://raw.githubusercontent.com/snekadmin/Public/refs/heads/main/data_final.jsonld,http,2c6f7b5ff6456abf209329c4ce8b72e978722144ef67a60950f684cc8a2a7c0f,1,1,1d6aea56e6a523b13e03ae30ff24ebf9852543b4f7d415c7e50f55f6baaa4e3d,0,https://gov.tools/governance_actions/1d6aea56e6a523b13e03ae30ff24ebf9852543b4f7d415c7e50f55f6baaa4e3d#0,https://app.cgov.io/governance_actions/1d6aea56e6a523b13e03ae30ff24ebf9852543b4f7d415c7e50f55f6baaa4e3d#0,2026-02-09T18:50:25.950966+00:00,2026-02-09T18:50:25.950966+00:00
gov_action1q0m8z7glm9cprucwf44hdjdfra8khnakpm3hu5ueh929hvljw4aqqzuxfxz,ratified,TreasuryWithdrawals,"Loan â‚³5,000,000 to Expand Cardano's Global Listings",3,ðŸŸ¡ NO_DISCUSSION,597,590,100000000000,ipfs://bafkreidl43ghacdpczaims63glq5kepaa63d63cr5mrpznv56jdm7e2eny,ipfs,2c630b0662c474e69d40bae4a0619d6bf4947e3d6edc8e53c891b427299fbf10,1,1,03f671791fd97011f30e4d6b76c9a91f4f6bcfb60ee37e5399b9545bb3f2757a,0,https://gov.tools/governance_actions/03f671791fd97011f30e4d6b76c9a91f4f6bcfb60ee37e5399b9545bb3f2757a#0,https://app.cgov.io/governance_actions/03f671791fd97011f30e4d6b76c9a91f4f6bcfb60ee37e5399b9545bb3f2757a#0,2026-02-09T18:50:25.950966+00:00,2026-02-09T18:50:25.950966+00:00
gov_action1fvgw27fjpr9c7g582mszzyez0jgkqgjgatzdnyngrg8wwc9kcn3qqxtz8r7,active,TreasuryWithdrawals,Cardano DeFi Liquidity Budget - Withdrawal 1,3,ðŸŸ¡ NO_DISCUSSION,614,607,100000000000,https://raw.githubusercontent.com/theeldermillenial/2025-liquidity-budget/refs/heads/master/withdrawal-1/data.jsonld,http,a92807ed4dcf4817d6ae0c87b6bf5815b2baf3aef52609f51bc4bdb402f6429c,1,1,4b10e5793208cb8f228756e02113227c91602248eac4d992681a0ee760b6c4e2,0,https://gov.tools/governance_actions/4b10e5793208cb8f228756e02113227c91602248eac4d992681a0ee760b6c4e2#0,https://app.cgov.io/governance_actions/4b10e5793208cb8f228756e02113227c91602248eac4d992681a0ee760b6c4e2#0,2026-02-09T18:50:25.950966+00:00,2026-02-09T18:50:25.950966+00:00
gov_action18nefry4qacd80xzs2srjahxm2e4vz3c8wvrr03rrtk8mdqfuknysq66459t,ratified,TreasuryWithdrawals,"Withdraw â‚³45,217 for MLabs Core Tool Maintenance & Enhancement: Cardano.nix",0,,577,570,100000000000,ipfs://bafkreihj3ddbz7c52l2s3klalsf4ux5xqkawktom5v5apfral37hs6kpki,ipfs,daef7fd77381f73cb8ac592762e4073cf18c756d347aefadc8a5bc32c1383a1b,1,1,3cf29192a0ee1a77985054072edcdb566ac14707730637c4635d8fb6813cb4c9,0,https://gov.tools/governance_actions/3cf29192a0ee1a77985054072edcdb566ac14707730637c4635d8fb6813cb4c9#0,https://app.cgov.io/governance_actions/3cf29192a0ee1a77985054072edcdb566ac14707730637c4635d8fb6813cb4c9#0,2026-02-09T18:50:25.950966+00:00,2026-02-09T18:50:25.950966+00:00
gov_action13tfag48nf94rtjcdq7c06vhkslmxxw9h6c88sl7q5g5nnewcsvlzgf074ea,ratified,TreasuryWithdrawals,"Withdraw â‚³104,347 for MLabs Research towards Tooling for Elliptical Curves...",0,,577,570,100000000000,ipfs://bafkreig4bosl5dfpmtqguybf4yaffkwo5hcaxxy2k7wlbwdl57twojfk2i,ipfs,82285aab3908be1a26b7c05cc79afce7eae51f895bcc2cbd70333c8d364000fa,1,1,8ad3d454f3496a35cb0d07b0fd32f687f66338b7d60e787fc0a22939e5d8833e,36,https://gov.tools/governance_actions/8ad3d454f3496a35cb0d07b0fd32f687f66338b7d60e787fc0a22939e5d8833e#36,https://app.cgov.io/governance_actions/8ad3d454f3496a35cb0d07b0fd32f687f66338b7d60e787fc0a22939e5d8833e#36,2026-02-09T18:50:25.950966+00:00,2026-02-09T18:50:25.950966+00:00
gov_action13tfag48nf94rtjcdq7c06vhkslmxxw9h6c88sl7q5g5nnewcsvlzyc3clg6,ratified,TreasuryWithdrawals,"Withdraw â‚³314,800 for PyCardano administered by Intersect",0,,577,570,100000000000,ipfs://bafkreigrw7v6q2wcnbgjd22ev6eepitgaegtkkmhzwmsccfxmejkc3okbm,ipfs,e6c107cbeebdb4d1130befae9306527fe0e0f7deabaa23259579ef5ec1f1b6e6,1,1,8ad3d454f3496a35cb0d07b0fd32f687f66338b7d60e787fc0a22939e5d8833e,34,https://gov.tools/governance_actions/8ad3d454f3496a35cb0d07b0fd32f687f66338b7d60e787fc0a22939e5d8833e#34,https://app.cgov.io/governance_actions/8ad3d454f3496a35cb0d07b0fd32f687f66338b7d60e787fc0a22939e5d8833e#34,2026-02-09T18:50:25.950966+00:00,2026-02-09T18:50:25.950966+00:00
gov_action13tfag48nf94rtjcdq7c06vhkslmxxw9h6c88sl7q5g5nnewcsvlzzy7m65d,ratified,TreasuryWithdrawals,"Withdraw â‚³199,911 for OpShin - Python Smart Contracts for Cardano",0,,577,570,100000000000,ipfs://bafkreialtiknfumaxc23xjqxs2r4g5qjca3tikopmottieu5iq2sr77b3i,ipfs,6910800633dc66b84bb36e9ca1b520224ff68cf098e4eec51e621902036f67c3,1,1,8ad3d454f3496a35cb0d07b0fd32f687f66338b7d60e787fc0a22939e5d8833e,33,https://gov.tools/governance_actions/8ad3d454f3496a35cb0d07b0fd32f687f66338b7d60e787fc0a22939e5d8833e#33,https://app.cgov.io/governance_actions/8ad3d454f3496a35cb0d07b0fd32f687f66338b7d60e787fc0a22939e5d8833e#33,2026-02-09T18:50:25.950966+00:00,2026-02-09T18:50:25.950966+00:00
gov_action13tfag48nf94rtjcdq7c06vhkslmxxw9h6c88sl7q5g5nnewcsvlzqhm6e8q,ratified,TreasuryWithdrawals,"Withdraw â‚³26,840,000 for Input Output Research (IOR): Cardano Vision - Wor...",0,,577,570,100000000000,ipfs://bafkreigq3zbxymon7of3x4jtn7zrzjk2merntcd54yhvmgsjsduq6h3zwa,ipfs,05e073547f99696350be0962e120f8af3236b15a36952468055834f97c570d61,1,1,8ad3d454f3496a35cb0d07b0fd32f687f66338b7d60e787fc0a22939e5d8833e,32,https://gov.tools/governance_actions/8ad3d454f3496a35cb0d07b0fd32f687f66338b7d60e787fc0a22939e5d8833e#32,https://app.cgov.io/governance_actions/8ad3d454f3496a35cb0d07b0fd32f687f66338b7d60e787fc0a22939e5d8833e#32,2026-02-09T18:50:25.950966+00:00,2026-02-09T18:50:25.950966+00:00
gov_action13tfag48nf94rtjcdq7c06vhkslmxxw9h6c88sl7q5g5nnewcsvlp730y0dn,ratified,TreasuryWithdrawals,"Withdraw â‚³4,000,000 for Expanding Stablecoin / Cardano Native Asset Support...",0,,577,570,100000000000,ipfs://bafkreihki45xehzrcyk6e7onyjc3u4mjg3vbd72oi5wfg2h6blemtr65yq,ipfs,7815312a170820ad2f5ad64e11118e31b4110c4bc995f7bd375911ec32e83c1a,1,1,8ad3d454f3496a35cb0d07b0fd32f687f66338b7d60e787fc0a22939e5d8833e,31,https://gov.tools/governance_actions/8ad3d454f3496a35cb0d07b0fd32f687f66338b7d60e787fc0a22939e5d8833e#31,https://app.cgov.io/governance_actions/8ad3d454f3496a35cb0d07b0fd32f687f66338b7d60e787fc0a22939e5d8833e#31,2026-02-09T18:50:25.950966+00:00,2026-02-09T18:50:25.950966+00:00
gov_action13tfag48nf94rtjcdq7c06vhkslmxxw9h6c88sl7q5g5nnewcsvlpsn5rx0e,ratified,TreasuryWithdrawals,"Withdraw â‚³6,000,000 for Cardano Summit 2025 and regional tech events",0,,577,570,100000000000,ipfs://bafkreidcvqu57gic4bigicuk6ssiykrkrfzi7c3jlwgiyxuskggqnyvcim,ipfs,d8e6cc4597d146f0a25c86daa9dfa0f3f106db7baa6d32e79c8992d6c36bac43,1,1,8ad3d454f3496a35cb0d07b0fd32f687f66338b7d60e787fc0a22939e5d8833e,24,https://gov.tools/governance_actions/8ad3d454f3496a35cb0d07b0fd32f687f66338b7d60e787fc0a22939e5d8833e#24,https://app.cgov.io/governance_actions/8ad3d454f3496a35cb0d07b0fd32f687f66338b7d60e787fc0a22939e5d8833e#24,2026-02-09T18:50:25.950966+00:00,2026-02-09T18:50:25.950966+00:00
gov_action13tfag48nf94rtjcdq7c06vhkslmxxw9h6c88sl7q5g5nnewcsvlp2tyw3h6,ratified,TreasuryWithdrawals,"Withdraw â‚³15,750,000 for a MBO for the Cardano ecosystem: Intersect",0,,577,570,100000000000,ipfs://bafkreidy6xsjjpdccodhiurbdcvtcf5tqzkyfgx3ruuhso2ijjuovycuny,ipfs,b71b018ef4d339cd75de80c9a57259247f1b38242ec2a9ae14f071d78e10352a,1,1,8ad3d454f3496a35cb0d07b0fd32f687f66338b7d60e787fc0a22939e5d8833e,21,https://gov.tools/governance_actions/8ad3d454f3496a35cb0d07b0fd32f687f66338b7d60e787fc0a22939e5d8833e#21,https://app.cgov.io/governance_actions/8ad3d454f3496a35cb0d07b0fd32f687f66338b7d60e787fc0a22939e5d8833e#21,2026-02-09T18:50:25.950966+00:00,2026-02-09T18:50:25.950966+00:00
gov_action13tfag48nf94rtjcdq7c06vhkslmxxw9h6c88sl7q5g5nnewcsvlpgcp0jyh,ratified,TreasuryWithdrawals,"Withdraw â‚³212,000 for AdaStat.net Cardano blockchain explorer",0,,577,570,100000000000,ipfs://bafkreigivcba5jtrmzvr4ilvokyyzbryry63cz6ctow7tjmmkjxpvgfbsq,ipfs,8b79b51817672478d2f416c28faaded094679bfe029750df4f5c1800581544d5,1,1,8ad3d454f3496a35cb0d07b0fd32f687f66338b7d60e787fc0a22939e5d8833e,20,https://gov.tools/governance_actions/8ad3d454f3496a35cb0d07b0fd32f687f66338b7d60e787fc0a22939e5d8833e#20,https://app.cgov.io/governance_actions/8ad3d454f3496a35cb0d07b0fd32f687f66338b7d60e787fc0a22939e5d8833e#20,2026-02-09T18:50:25.950966+00:00,2026-02-09T18:50:25.950966+00:00
gov_action13tfag48nf94rtjcdq7c06vhkslmxxw9h6c88sl7q5g5nnewcsvlpyflfc4s,ratified,TreasuryWithdrawals,"Withdraw â‚³266,667 for Cexplorer.io -- Developer-Focused Blockchain Explorer...",0,,577,570,100000000000,ipfs://bafkreicrrim5wicmsnrjpw7gp52jmebn7a2ly6j4eopjkvdsol6adyboqu,ipfs,8bd3688c66f2735153455586c3d795358d04ef0f29243d22318a926bad73994f,1,1,8ad3d454f3496a35cb0d07b0fd32f687f66338b7d60e787fc0a22939e5d8833e,18,https://gov.tools/governance_actions/8ad3d454f3496a35cb0d07b0fd32f687f66338b7d60e787fc0a22939e5d8833e#18,https://app.cgov.io/governance_actions/8ad3d454f3496a35cb0d07b0fd32f687f66338b7d60e787fc0a22939e5d8833e#18,2026-02-09T18:50:25.950966+00:00,2026-02-09T18:50:25.950966+00:00
gov_action13tfag48nf94rtjcdq7c06vhkslmxxw9h6c88sl7q5g5nnewcsvlpz4s2af8,ratified,TreasuryWithdrawals,"Withdraw â‚³657,692 for Scalus - DApps Development Platform",0,,577,570,100000000000,ipfs://bafkreiceukwtpmes66twb3axkdmftpg3p5vyfolgcyhkentlbuilc274fq,ipfs,543eab698dcbf20074c31b7898df8476b48aef779db1117d3b64ca8f224b18a7,1,1,8ad3d454f3496a35cb0d07b0fd32f687f66338b7d60e787fc0a22939e5d8833e,17,https://gov.tools/governance_actions/8ad3d454f3496a35cb0d07b0fd32f687f66338b7d60e787fc0a22939e5d8833e#17,https://app.cgov.io/governance_actions/8ad3d454f3496a35cb0d07b0fd32f687f66338b7d60e787fc0a22939e5d8833e#17,2026-02-09T18:50:25.950966+00:00,2026-02-09T18:50:25.950966+00:00
gov_action13tfag48nf94rtjcdq7c06vhkslmxxw9h6c88sl7q5g5nnewcsvlq63cfnf0,ratified,TreasuryWithdrawals,"Withdraw â‚³243,478 for MLabs Core Tool Maintenance & Enhancement: Plutarch",0,,577,570,100000000000,ipfs://bafkreienjc55atyjxfy7ij2mthoud6m2um5snifhjvurflfujf4s2sa3le,ipfs,2c7c141d70a47bbe09bab2d74a777c9bac5e65072b808e56364df23e490e7158,1,1,8ad3d454f3496a35cb0d07b0fd32f687f66338b7d60e787fc0a22939e5d8833e,13,https://gov.tools/governance_actions/8ad3d454f3496a35cb0d07b0fd32f687f66338b7d60e787fc0a22939e5d8833e#13,https://app.cgov.io/governance_actions/8ad3d454f3496a35cb0d07b0fd32f687f66338b7d60e787fc0a22939e5d8833e#13,2026-02-09T18:50:25.950966+00:00,2026-02-09T18:50:25.950966+00:00
gov_action13tfag48nf94rtjcdq7c06vhkslmxxw9h6c88sl7q5g5nnewcsvlqczags6z,ratified,TreasuryWithdrawals,"Withdraw â‚³578,571 for Gerolamo - Cardano node in typescript",0,,577,570,100000000000,ipfs://bafkreig7hi75t33nvu5t6y4hqf26thdpwvwvqcuzo3o3ehccslrwtf6bwe,ipfs,35e6ee6e76bc847af8a9731d5341ae697f62485cc1ad946527587663e4ec0862,1,1,8ad3d454f3496a35cb0d07b0fd32f687f66338b7d60e787fc0a22939e5d8833e,12,https://gov.tools/governance_actions/8ad3d454f3496a35cb0d07b0fd32f687f66338b7d60e787fc0a22939e5d8833e#12,https://app.cgov.io/governance_actions/8ad3d454f3496a35cb0d07b0fd32f687f66338b7d60e787fc0a22939e5d8833e#12,2026-02-09T18:50:25.950966+00:00,2026-02-09T18:50:25.950966+00:00
gov_action13tfag48nf94rtjcdq7c06vhkslmxxw9h6c88sl7q5g5nnewcsvlq5nrw6t9,ratified,TreasuryWithdrawals,"Withdraw â‚³600,000 for Complete Web3 developer stack to make Cardano the smart...",0,,577,570,100000000000,ipfs://bafkreicc2dbqlrkqhahasq2qqho3lry2axt4adrfnamro43m56v5sib7hi,ipfs,9301895f96b7874146af42202c318f5ba09972a435c33a4897d4c4f9ecc369b5,1,1,8ad3d454f3496a35cb0d07b0fd32f687f66338b7d60e787fc0a22939e5d8833e,10,https://gov.tools/governance_actions/8ad3d454f3496a35cb0d07b0fd32f687f66338b7d60e787fc0a22939e5d8833e#10,https://app.cgov.io/governance_actions/8ad3d454f3496a35cb0d07b0fd32f687f66338b7d60e787fc0a22939e5d8833e#10,2026-02-09T18:50:25.950966+00:00,2026-02-09T18:50:25.950966+00:00
gov_action13tfag48nf94rtjcdq7c06vhkslmxxw9h6c88sl7q5g5nnewcsvlqj0vdlhj,ratified,TreasuryWithdrawals,"Withdraw â‚³300,000 for Ledger App Rewrite administered by Intersect",0,,577,570,100000000000,ipfs://bafkreibwg74hpx5vyyixzggxdkunrqy6kdkx2mpp57r6fknkqe7z263omm,ipfs,544766bf20cf0099532a2c65d58b9a33c6078d8939e14dbfc4c18386d816fb32,1,1,8ad3d454f3496a35cb0d07b0fd32f687f66338b7d60e787fc0a22939e5d8833e,9,https://gov.tools/governance_actions/8ad3d454f3496a35cb0d07b0fd32f687f66338b7d60e787fc0a22939e5d8833e#9,https://app.cgov.io/governance_actions/8ad3d454f3496a35cb0d07b0fd32f687f66338b7d60e787fc0a22939e5d8833e#9,2026-02-09T18:50:25.950966+00:00,2026-02-09T18:50:25.950966+00:00
gov_action13tfag48nf94rtjcdq7c06vhkslmxxw9h6c88sl7q5g5nnewcsvlqsufvuyl,ratified,TreasuryWithdrawals,"Withdraw â‚³220,914 for Dolos: Sustaining a Lightweight Cardano Data Node",0,,577,570,100000000000,ipfs://bafkreihqhuiuwdjyukw4ul5obxz656ndyz5najokjhdw7mbdscskyaalfu,ipfs,ec310bd41bbdf756ad1deca9134e47662d4ae40a8ba5db3f4b694088d5cd17e9,1,1,8ad3d454f3496a35cb0d07b0fd32f687f66338b7d60e787fc0a22939e5d8833e,8,https://gov.tools/governance_actions/8ad3d454f3496a35cb0d07b0fd32f687f66338b7d60e787fc0a22939e5d8833e#8,https://app.cgov.io/governance_actions/8ad3d454f3496a35cb0d07b0fd32f687f66338b7d60e787fc0a22939e5d8833e#8,2026-02-09T18:50:25.950966+00:00,2026-02-09T18:50:25.950966+00:00
gov_action13tfag48nf94rtjcdq7c06vhkslmxxw9h6c88sl7q5g5nnewcsvlqwtnrdnx,ratified,TreasuryWithdrawals,"Withdraw â‚³1,161,000 for zkFold ZK Rollup administered by Intersect",0,,577,570,100000000000,ipfs://bafkreigjofgwm4qtwn7r3e6nczaxo7jp4fmhzphozrpcuvnx5k2khlbtty,ipfs,81d30592754fb8e332e5f5457e92107e0cb98c49a176eed4959067fa65989c54,1,1,8ad3d454f3496a35cb0d07b0fd32f687f66338b7d60e787fc0a22939e5d8833e,7,https://gov.tools/governance_actions/8ad3d454f3496a35cb0d07b0fd32f687f66338b7d60e787fc0a22939e5d8833e#7,https://app.cgov.io/governance_actions/8ad3d454f3496a35cb0d07b0fd32f687f66338b7d60e787fc0a22939e5d8833e#7,2026-02-09T18:50:25.950966+00:00,2026-02-09T18:50:25.950966+00:00
gov_action13tfag48nf94rtjcdq7c06vhkslmxxw9h6c88sl7q5g5nnewcsvlqvckzwqt,ratified,TreasuryWithdrawals,"Withdraw â‚³130,903 for Lucid Evolution Maintenance administered by Intersect",0,,577,570,100000000000,ipfs://bafkreigfhg7nn4pshyogcokcuo7ohpjpw6gaatnm74hum5vungrqwvpxs4,ipfs,33ee5e233b63202eaee7012a94775a1962655684fb23a1d2fcdef8495b7253b5,1,1,8ad3d454f3496a35cb0d07b0fd32f687f66338b7d60e787fc0a22939e5d8833e,6,https://gov.tools/governance_actions/8ad3d454f3496a35cb0d07b0fd32f687f66338b7d60e787fc0a22939e5d8833e#6,https://app.cgov.io/governance_actions/8ad3d454f3496a35cb0d07b0fd32f687f66338b7d60e787fc0a22939e5d8833e#6,2026-02-09T18:50:25.950966+00:00,2026-02-09T18:50:25.950966+00:00
gov_action13tfag48nf94rtjcdq7c06vhkslmxxw9h6c88sl7q5g5nnewcsvlq2yeptuu,ratified,TreasuryWithdrawals,"Withdraw â‚³220,914 for UTxO RPC: Sustaining Cardano Blockchain Integration",0,,577,570,100000000000,ipfs://bafkreibcranrq3y5eh7pcjuvq2tcmlapfw2pc7x3nazwp5lonx6docoayu,ipfs,ca11386eb00bb251d30325abf0aeac97aeca08e97efe9bd421450ed25c558cbd,1,1,8ad3d454f3496a35cb0d07b0fd32f687f66338b7d60e787fc0a22939e5d8833e,5,https://gov.tools/governance_actions/8ad3d454f3496a35cb0d07b0fd32f687f66338b7d60e787fc0a22939e5d8833e#5,https://app.cgov.io/governance_actions/8ad3d454f3496a35cb0d07b0fd32f687f66338b7d60e787fc0a22939e5d8833e#5,2026-02-09T18:50:25.950966+00:00,2026-02-09T18:50:25.950966+00:00
gov_action13tfag48nf94rtjcdq7c06vhkslmxxw9h6c88sl7q5g5nnewcsvlqghuqg03,ratified,TreasuryWithdrawals,"Withdraw â‚³220,914 for Pallas: Sustaining Critical Rust Tooling for Cardano",0,,577,570,100000000000,ipfs://bafkreigm5xreg7ezyedhowwecyy2qnue3bfhbw5dex5odmvunddeg5jsem,ipfs,d09693b720a87b5ea098b64dcd6687ece19cb407d3d38b9a08149199591ce39e,1,1,8ad3d454f3496a35cb0d07b0fd32f687f66338b7d60e787fc0a22939e5d8833e,4,https://gov.tools/governance_actions/8ad3d454f3496a35cb0d07b0fd32f687f66338b7d60e787fc0a22939e5d8833e#4,https://app.cgov.io/governance_actions/8ad3d454f3496a35cb0d07b0fd32f687f66338b7d60e787fc0a22939e5d8833e#4,2026-02-09T18:50:25.950966+00:00,2026-02-09T18:50:25.950966+00:00
gov_action13tfag48nf94rtjcdq7c06vhkslmxxw9h6c88sl7q5g5nnewcsvlqx488pdm,ratified,TreasuryWithdrawals,"Withdraw â‚³424,800 for Hardware Wallets Maintenance administered by Intersect",0,,577,570,100000000000,ipfs://bafkreicmz5a6ylplflowjdj7vjzp6glt45k2r6mnhwlmzq7kjkl3fvuzeu,ipfs,6aa8145ce310d9cdd733690a36ec68d017ec3c7f5bad82bfb3cf3792dc4787fc,1,1,8ad3d454f3496a35cb0d07b0fd32f687f66338b7d60e787fc0a22939e5d8833e,3,https://gov.tools/governance_actions/8ad3d454f3496a35cb0d07b0fd32f687f66338b7d60e787fc0a22939e5d8833e#3,https://app.cgov.io/governance_actions/8ad3d454f3496a35cb0d07b0fd32f687f66338b7d60e787fc0a22939e5d8833e#3,2026-02-09T18:50:25.950966+00:00,2026-02-09T18:50:25.950966+00:00
gov_action13tfag48nf94rtjcdq7c06vhkslmxxw9h6c88sl7q5g5nnewcsvlqyxzxz7k,ratified,TreasuryWithdrawals,"Withdraw â‚³1,300,000 for Blockfrost Platform community budget proposal",0,,577,570,100000000000,ipfs://bafkreidgiirfod3axto3xf3nducsao5w4rp6vqrijeh5m6mqgdxotaafbq,ipfs,8d1c0464f194050638886d250d50900b63761673f6782cdf068ceebaf09624d7,1,1,8ad3d454f3496a35cb0d07b0fd32f687f66338b7d60e787fc0a22939e5d8833e,2,https://gov.tools/governance_actions/8ad3d454f3496a35cb0d07b0fd32f687f66338b7d60e787fc0a22939e5d8833e#2,https://app.cgov.io/governance_actions/8ad3d454f3496a35cb0d07b0fd32f687f66338b7d60e787fc0a22939e5d8833e#2,2026-02-09T18:50:25.950966+00:00,2026-02-09T18:50:25.950966+00:00
gov_action13tfag48nf94rtjcdq7c06vhkslmxxw9h6c88sl7q5g5nnewcsvlpwywvhcq,ratified,TreasuryWithdrawals,"Withdraw â‚³69,459,000 for Catalyst 2025 Proposal by Input Output: Advancing De...",0,,577,570,100000000000,ipfs://bafkreid2pq5icpp77nfvdvnb5ipy3fqs77tpnls4ngxy6semzkdq7d2z7y,ipfs,5edb23193df820ab4e8334d2e12fdc57aac5f06fe9a81067aa651b3439b57119,1,1,8ad3d454f3496a35cb0d07b0fd32f687f66338b7d60e787fc0a22939e5d8833e,23,https://gov.tools/governance_actions/8ad3d454f3496a35cb0d07b0fd32f687f66338b7d60e787fc0a22939e5d8833e#23,https://app.cgov.io/governance_actions/8ad3d454f3496a35cb0d07b0fd32f687f66338b7d60e787fc0a22939e5d8833e#23,2026-02-09T18:50:25.950966+00:00,2026-02-09T18:50:25.950966+00:00
gov_action13tfag48nf94rtjcdq7c06vhkslmxxw9h6c88sl7q5g5nnewcsvlzxt5eumh,ratified,TreasuryWithdrawals,"Withdraw â‚³750,000 for Cardano Product Committee: Community-driven 2030 Carda...",0,,577,570,100000000000,ipfs://bafkreicjt5d4y7phbqwyhfkmtz75u2nck3is5cuywkcisnmtsuibdrm3li,ipfs,1d6faf578358ce2f2a2ce53611e23deefe2710f850410d4c75d362b7b710ac8e,1,1,8ad3d454f3496a35cb0d07b0fd32f687f66338b7d60e787fc0a22939e5d8833e,35,https://gov.tools/governance_actions/8ad3d454f3496a35cb0d07b0fd32f687f66338b7d60e787fc0a22939e5d8833e#35,https://app.cgov.io/governance_actions/8ad3d454f3496a35cb0d07b0fd32f687f66338b7d60e787fc0a22939e5d8833e#35,2026-02-09T18:50:25.950966+00:00,2026-02-09T18:50:25.950966+00:00
gov_action13tfag48nf94rtjcdq7c06vhkslmxxw9h6c88sl7q5g5nnewcsvlp679xfzf,ratified,TreasuryWithdrawals,"Withdraw â‚³889,500 for Cardano Ecosystem Pavilions at Exhibitions",0,,577,570,100000000000,ipfs://bafkreicewinu7ogkkxho7ubwpi6q4iy2xqs2pv4lhvueyz6qe3rkc2icru,ipfs,2b5c10989138f68e18b3ecf2f762cb0dd5eb233b0e68d6265b5944ac45261425,1,1,8ad3d454f3496a35cb0d07b0fd32f687f66338b7d60e787fc0a22939e5d8833e,29,https://gov.tools/governance_actions/8ad3d454f3496a35cb0d07b0fd32f687f66338b7d60e787fc0a22939e5d8833e#29,https://app.cgov.io/governance_actions/8ad3d454f3496a35cb0d07b0fd32f687f66338b7d60e787fc0a22939e5d8833e#29,2026-02-09T18:50:25.950966+00:00,2026-02-09T18:50:25.950966+00:00
gov_action13tfag48nf94rtjcdq7c06vhkslmxxw9h6c88sl7q5g5nnewcsvlpcdq823y,ratified,TreasuryWithdrawals,"Withdraw â‚³3,126,000 for Ecosystem Exchange Listing and Market Making service...",0,,577,570,100000000000,ipfs://bafkreidb56gwlzeuzav2xfubcbqa7txllbl2byiadnlxjdr2dgaqgb7z4m,ipfs,c75b301ed27728ca5f3f12393b6d289560a26984d2683083a14af527279a4b37,1,1,8ad3d454f3496a35cb0d07b0fd32f687f66338b7d60e787fc0a22939e5d8833e,28,https://gov.tools/governance_actions/8ad3d454f3496a35cb0d07b0fd32f687f66338b7d60e787fc0a22939e5d8833e#28,https://app.cgov.io/governance_actions/8ad3d454f3496a35cb0d07b0fd32f687f66338b7d60e787fc0a22939e5d8833e#28,2026-02-09T18:50:25.950966+00:00,2026-02-09T18:50:25.950966+00:00
gov_action13tfag48nf94rtjcdq7c06vhkslmxxw9h6c88sl7q5g5nnewcsvlpvhtd5td,ratified,TreasuryWithdrawals,"Withdraw â‚³592,780 for Beyond Minimum Viable Governance: Iteratively Improvin....",0,,577,570,100000000000,ipfs://bafkreigltrp3abb6s667vrtnyspriii2j4wg25cieulbn26s3v36d4qsay,ipfs,0fea1e7935a6a4257cf894d12c10ce650bf760b1bfa5cd13f51de6f7cdde9f6a,1,1,8ad3d454f3496a35cb0d07b0fd32f687f66338b7d60e787fc0a22939e5d8833e,22,https://gov.tools/governance_actions/8ad3d454f3496a35cb0d07b0fd32f687f66338b7d60e787fc0a22939e5d8833e#22,https://app.cgov.io/governance_actions/8ad3d454f3496a35cb0d07b0fd32f687f66338b7d60e787fc0a22939e5d8833e#22,2026-02-09T18:50:25.950966+00:00,2026-02-09T18:50:25.950966+00:00
gov_action13tfag48nf94rtjcdq7c06vhkslmxxw9h6c88sl7q5g5nnewcsvlpk0mqrnw,expired,TreasuryWithdrawals,"Withdraw â‚³1,500,000 for Complement Catalyst: Extended Quadratic Funding---Zer...",0,,577,570,100000000000,ipfs://bafkreicek47fmmvljbc2bjosg23x7hj5h7ijg7on447oy5gfuii7opgm6y,ipfs,e0b3334da88a7d80049cda2f4bd4491582d79fc8f76311eb83f030474ddc3186,1,1,8ad3d454f3496a35cb0d07b0fd32f687f66338b7d60e787fc0a22939e5d8833e,27,https://gov.tools/governance_actions/8ad3d454f3496a35cb0d07b0fd32f687f66338b7d60e787fc0a22939e5d8833e#27,https://app.cgov.io/governance_actions/8ad3d454f3496a35cb0d07b0fd32f687f66338b7d60e787fc0a22939e5d8833e#27,2026-02-09T18:50:25.950966+00:00,2026-02-09T18:50:25.950966+00:00
gov_action13tfag48nf94rtjcdq7c06vhkslmxxw9h6c88sl7q5g5nnewcsvlp5u7pqqr,ratified,TreasuryWithdrawals,"Withdraw â‚³12,000,000 for Cardano Builder DAO administered by Intersect",0,,577,570,100000000000,ipfs://bafkreidlb2fusg7asmfcnugcrzmfkhk6sb32b4st5ieji2q3oxmbhm6sma,ipfs,97de3986c77d6dae95e6e41f8aca5485e27392c186e77a8633d47fd2046c975d,1,1,8ad3d454f3496a35cb0d07b0fd32f687f66338b7d60e787fc0a22939e5d8833e,26,https://gov.tools/governance_actions/8ad3d454f3496a35cb0d07b0fd32f687f66338b7d60e787fc0a22939e5d8833e#26,https://app.cgov.io/governance_actions/8ad3d454f3496a35cb0d07b0fd32f687f66338b7d60e787fc0a22939e5d8833e#26,2026-02-09T18:50:25.950966+00:00,2026-02-09T18:50:25.950966+00:00
gov_action13tfag48nf94rtjcdq7c06vhkslmxxw9h6c88sl7q5g5nnewcsvlpjq3z9u5,ratified,TreasuryWithdrawals,"Withdraw â‚³6,000,000 for Unveiling the First Unified Global Events Marketing S...",0,,577,570,100000000000,ipfs://bafkreihhdmx6eumwipv4zlhlrbbkz6uj52y6xpzpjgwfnkzzzamtqgmq4u,ipfs,84772ee63ebacc574a240ed9a4c87b0c9dbd52539f7d648582d3941cd62ae307,1,1,8ad3d454f3496a35cb0d07b0fd32f687f66338b7d60e787fc0a22939e5d8833e,25,https://gov.tools/governance_actions/8ad3d454f3496a35cb0d07b0fd32f687f66338b7d60e787fc0a22939e5d8833e#25,https://app.cgov.io/governance_actions/8ad3d454f3496a35cb0d07b0fd32f687f66338b7d60e787fc0a22939e5d8833e#25,2026-02-09T18:50:25.950966+00:00,2026-02-09T18:50:25.950966+00:00
gov_action13tfag48nf94rtjcdq7c06vhkslmxxw9h6c88sl7q5g5nnewcsvlpx66gmxa,ratified,TreasuryWithdrawals,"Withdraw â‚³605,000 for A free Native Asset CDN for Cardano Developers",0,,577,570,100000000000,ipfs://bafkreihd2hqcfvssop4aqxxqoch63ds6mkpapsfm7j7onyvemzayiby4ua,ipfs,13b431cf1bf0c152fb7e06906978446f5bcafa88f75c7943c0c3b9d2fed22e6a,1,1,8ad3d454f3496a35cb0d07b0fd32f687f66338b7d60e787fc0a22939e5d8833e,19,https://gov.tools/governance_actions/8ad3d454f3496a35cb0d07b0fd32f687f66338b7d60e787fc0a22939e5d8833e#19,https://app.cgov.io/governance_actions/8ad3d454f3496a35cb0d07b0fd32f687f66338b7d60e787fc0a22939e5d8833e#19,2026-02-09T18:50:25.950966+00:00,2026-02-09T18:50:25.950966+00:00
gov_action13tfag48nf94rtjcdq7c06vhkslmxxw9h6c88sl7q5g5nnewcsvlpuz29v77,expired,TreasuryWithdrawals,"Withdraw â‚³3,000,000 for High-yield RWA Asset for Cardano: Tokenized Real Estate",0,,577,570,100000000000,ipfs://bafkreidccjzvdy7np2uybq22w4n52cqu2qguoaws4o3j3wvu2rk4n27npq,ipfs,de0a1dc8171a2b2a55eb65413c8ec85e62a8fb12dd339dee954c1a23e6fe4555,1,1,8ad3d454f3496a35cb0d07b0fd32f687f66338b7d60e787fc0a22939e5d8833e,30,https://gov.tools/governance_actions/8ad3d454f3496a35cb0d07b0fd32f687f66338b7d60e787fc0a22939e5d8833e#30,https://app.cgov.io/governance_actions/8ad3d454f3496a35cb0d07b0fd32f687f66338b7d60e787fc0a22939e5d8833e#30,2026-02-09T18:50:25.950966+00:00,2026-02-09T18:50:25.950966+00:00
gov_action13tfag48nf94rtjcdq7c06vhkslmxxw9h6c88sl7q5g5nnewcsvlpqx4t762,ratified,TreasuryWithdrawals,"Withdraw â‚³583,000 for Eternl Maintenance administered by Intersect",0,,577,570,100000000000,ipfs://bafkreiechnwimuhwdwovwscljcsypzjlidrmktcbcssoovbgwgxkm4g4d4,ipfs,e998c36fe5dfefc1d7db075b256ae8a2d0a221c270c4c6beb11bfeebd535c6b4,1,1,8ad3d454f3496a35cb0d07b0fd32f687f66338b7d60e787fc0a22939e5d8833e,16,https://gov.tools/governance_actions/8ad3d454f3496a35cb0d07b0fd32f687f66338b7d60e787fc0a22939e5d8833e#16,https://app.cgov.io/governance_actions/8ad3d454f3496a35cb0d07b0fd32f687f66338b7d60e787fc0a22939e5d8833e#16,2026-02-09T18:50:25.950966+00:00,2026-02-09T18:50:25.950966+00:00
gov_action13tfag48nf94rtjcdq7c06vhkslmxxw9h6c88sl7q5g5nnewcsvlqz6d98zp,ratified,TreasuryWithdrawals,"Withdraw â‚³96,817,080 for 2025 Input Output Engineering Core Development Proposal",0,,577,570,100000000000,ipfs://bafkreigt5xy56qjxd7dl2s7u6jxec2cfxevynppvgnnjifc2wawr7md5ha,ipfs,442b57ebf94db21544475a5dbdfe57f50e648646533d31bfa329c280aebfcfe9,1,1,8ad3d454f3496a35cb0d07b0fd32f687f66338b7d60e787fc0a22939e5d8833e,1,https://gov.tools/governance_actions/8ad3d454f3496a35cb0d07b0fd32f687f66338b7d60e787fc0a22939e5d8833e#1,https://app.cgov.io/governance_actions/8ad3d454f3496a35cb0d07b0fd32f687f66338b7d60e787fc0a22939e5d8833e#1,2026-02-09T18:50:25.950966+00:00,2026-02-09T18:50:25.950966+00:00
gov_action13tfag48nf94rtjcdq7c06vhkslmxxw9h6c88sl7q5g5nnewcsvlqqfgyy3v,ratified,TreasuryWithdrawals,"Withdraw â‚³2,162,096 for Midgard - Optimistic Rollups administered by Intersect",0,,577,570,100000000000,ipfs://bafkreidjnukg5c7u5zlkxaciy4hkxfixvtquhx6uzlqpydvrxormfqpdm4,ipfs,6611ea5602de95d463ecf28f1c4ca26ad91fe7ed499d0a1594e3c2fd528a2a62,1,1,8ad3d454f3496a35cb0d07b0fd32f687f66338b7d60e787fc0a22939e5d8833e,0,https://gov.tools/governance_actions/8ad3d454f3496a35cb0d07b0fd32f687f66338b7d60e787fc0a22939e5d8833e#0,https://app.cgov.io/governance_actions/8ad3d454f3496a35cb0d07b0fd32f687f66338b7d60e787fc0a22939e5d8833e#0,2026-02-09T18:50:25.950966+00:00,2026-02-09T18:50:25.950966+00:00
gov_action13tfag48nf94rtjcdq7c06vhkslmxxw9h6c88sl7q5g5nnewcsvlq77jt4x4,ratified,TreasuryWithdrawals,"Withdraw â‚³700,000 for ZK Bridge administered by Intersect",0,,577,570,100000000000,ipfs://bafkreians5wdbxjgttbajinzfrhdxd7q7mzpfahsyyjntcq4xekts4qasu,ipfs,0274553f9fd998e540d3259081a7c2ef5eafce501606f588676b95d6f0bcc25f,1,1,8ad3d454f3496a35cb0d07b0fd32f687f66338b7d60e787fc0a22939e5d8833e,15,https://gov.tools/governance_actions/8ad3d454f3496a35cb0d07b0fd32f687f66338b7d60e787fc0a22939e5d8833e#15,https://app.cgov.io/governance_actions/8ad3d454f3496a35cb0d07b0fd32f687f66338b7d60e787fc0a22939e5d8833e#15,2026-02-09T18:50:25.950966+00:00,2026-02-09T18:50:25.950966+00:00
gov_action13tfag48nf94rtjcdq7c06vhkslmxxw9h6c88sl7q5g5nnewcsvlqudh2k4c,ratified,TreasuryWithdrawals,"Withdraw â‚³11,070,323 for TWEAG's Proposals for multiple core budget project...",0,,577,570,100000000000,ipfs://bafkreidlgy2mljdxjknsxzpy6im5xkgsw4ticvwqmgedecs53dzdqhgdlu,ipfs,225fab3a8600db184858739731afcfbaf3edc68f5605f5cac402070d0e11402a,1,1,8ad3d454f3496a35cb0d07b0fd32f687f66338b7d60e787fc0a22939e5d8833e,14,https://gov.tools/governance_actions/8ad3d454f3496a35cb0d07b0fd32f687f66338b7d60e787fc0a22939e5d8833e#14,https://app.cgov.io/governance_actions/8ad3d454f3496a35cb0d07b0fd32f687f66338b7d60e787fc0a22939e5d8833e#14,2026-02-09T18:50:25.950966+00:00,2026-02-09T18:50:25.950966+00:00
gov_action13tfag48nf94rtjcdq7c06vhkslmxxw9h6c88sl7q5g5nnewcsvlqkqx0ecg,ratified,TreasuryWithdrawals,"Withdraw â‚³5,885,000 for OSC Budget Proposal - Paid Open Source Model...",0,,577,570,100000000000,ipfs://bafkreiedjhlwerulq5qg5tku2qqremf2cf2dguxvktttnjddei3fxct37a,ipfs,0865ae8cbb9944db8fe55226ddb81870ef2c437e04ad5f960bf1df6d4248a848,1,1,8ad3d454f3496a35cb0d07b0fd32f687f66338b7d60e787fc0a22939e5d8833e,11,https://gov.tools/governance_actions/8ad3d454f3496a35cb0d07b0fd32f687f66338b7d60e787fc0a22939e5d8833e#11,https://app.cgov.io/governance_actions/8ad3d454f3496a35cb0d07b0fd32f687f66338b7d60e787fc0a22939e5d8833e#11,2026-02-09T18:50:25.950966+00:00,2026-02-09T18:50:25.950966+00:00
gov_action193leqzml768nz7nmpepzx822a5mzyanqhtewaxjtul5gp6uhwvfsqgl2qg0,ratified,TreasuryWithdrawals,"Withdraw â‚³99,600 for BloxBean Java Tools Maintenance and Enhancement",0,,577,570,100000000000,ipfs://bafkreibelpp2qzjcpeizeobf57tmhl4q6kauutytdve3mqzzjxzp2jqjxm,ipfs,f0c794a2c0168a534828149ba95e21ef81bfbc659e1461a28c38cb7fb423fec1,1,1,2c7f900b7ff68f317a7b0e42231d4aed36227660baf2ee9a4be7e880eb977313,0,https://gov.tools/governance_actions/2c7f900b7ff68f317a7b0e42231d4aed36227660baf2ee9a4be7e880eb977313#0,https://app.cgov.io/governance_actions/2c7f900b7ff68f317a7b0e42231d4aed36227660baf2ee9a4be7e880eb977313#0,2026-02-09T18:50:25.950966+00:00,2026-02-09T18:50:25.950966+00:00
gov_action16tdkp3fs0j6303e4utgp8rftdug0ckezr4sslgv8wxdaeq40ngpsq5sr06h,expired,TreasuryWithdrawals,"Withdraw â‚³1,150,000 for GovTool 12 months active maintenance and development",0,,591,584,100000000000,ipfs://bafkreihju7a6zywpv3adaeeg4nnyrkewurng5csavsspmqsgikzg2suhry,ipfs,e2ed7354990674f1087cb3672f0418ed2dde4f7cad3190992cea0448d5ca5bc9,1,1,d2db60c5307cb517c735e2d0138d2b6f10fc5b221d610fa187719bdc82af9a03,0,https://gov.tools/governance_actions/d2db60c5307cb517c735e2d0138d2b6f10fc5b221d610fa187719bdc82af9a03#0,https://app.cgov.io/governance_actions/d2db60c5307cb517c735e2d0138d2b6f10fc5b221d610fa187719bdc82af9a03#0,2026-02-09T18:50:25.950966+00:00,2026-02-09T18:50:25.950966+00:00
gov_action1lqun78lcznfa2gek49m3ydslakfnm8heargfp8sax9fk54yl6ghsqp042zv,ratified,TreasuryWithdrawals,"Withdraw â‚³70,000,000 for Cardano Critical Integrations Budget",0,,606,599,100000000000,ipfs://bafkreiecqskxkmakkrzrs2xs2olh5jcwbuz5qr5gesp6merwcaydcaojiq,ipfs,1ff4e21156b94a8609545f96e68f005fcd1bf4c790fb6f613b7f8e49e1e71da6,1,1,f8393f1ff814d3d52336a97712361fed933d9ef9e8d0909e1d31536a549fd22f,0,https://gov.tools/governance_actions/f8393f1ff814d3d52336a97712361fed933d9ef9e8d0909e1d31536a549fd22f#0,https://app.cgov.io/governance_actions/f8393f1ff814d3d52336a97712361fed933d9ef9e8d0909e1d31536a549fd22f#0,2026-02-09T18:50:25.950966+00:00,2026-02-09T18:50:25.950966+00:00
